family,setup,side,n,PF,expR,n2023,pf2023,net2023,n2024,pf2024,net2024,profile,stop_mult,rr,min_pf_23_24,stable_score
SWEEP_SHORT|06_0830|UP,SWEEP_SHORT,SHORT,76,1.3664596273291933,0.2328947368421053,40,1.3968253968253967,10.000000000000002,36,1.3333333333333328,7.700000000000003,P075_R225,0.75,2.25,1.3333333333333328,2.3148464912280695
SWEEP_SHORT|06_0830|UP,SWEEP_SHORT,SHORT,76,1.2928064842958469,0.19013157894736846,40,1.3968253968253967,10.0,36,1.1842650103519665,4.450000000000003,P090_R225,0.9,2.25,1.1842650103519665,2.1508110629835455
SWEEP_SHORT|06_0830|UP,SWEEP_SHORT,SHORT,76,1.3106575963718823,0.18026315789473682,40,1.4648526077097501,10.249999999999998,36,1.1564625850340131,3.449999999999998,P090_R175,0.9,1.75,1.1564625850340131,2.119554690297171
SWEEP_SHORT|06_0830|UP,SWEEP_SHORT,SHORT,76,1.1868131868131873,0.13421052631578953,40,1.1020408163265303,3.0,36,1.2857142857142856,7.200000000000002,P075_R275,0.75,2.75,1.1020408163265303,2.049014500537057
SWEEP_SHORT|06_0830|UP,SWEEP_SHORT,SHORT,76,1.1545189504373181,0.10460526315789483,40,1.257142857142857,6.750000000000001,36,1.0476190476190474,1.2000000000000026,P105_R225,1.05,2.25,1.0476190476190474,1.9842308897243106
SWEEP_SHORT|06_0830|UP,SWEEP_SHORT,SHORT,76,1.242524916943522,0.144078947368421,40,1.4648526077097501,10.25,36,1.03030303030303,0.699999999999998,P075_R175,0.75,1.75,1.03030303030303,1.9807306618819773
SWEEP_LONG|06_0830|SD,SWEEP_LONG,LONG,239,1.0313111545988252,0.020083682008368207,129,1.024713682941531,2.049999999999998,110,1.0390902629708603,2.7499999999999982,P105_R175,1.05,1.75,1.024713682941531,1.9317429716444598
EXHAUST_LONG|06_0830|SD,EXHAUST_LONG,LONG,318,1.047619047619047,0.033333333333333375,174,1.0749482401656312,9.050000000000011,144,1.0152184585174275,1.5500000000000114,P075_R225,0.75,2.25,1.0152184585174275,1.9268851251840942
PULLBACK_LONG|02_06|UP,PULLBACK_LONG,LONG,144,1.1564625850340136,0.09583333333333331,70,1.3634085213032587,14.499999999999993,74,0.9855072463768121,-0.7000000000000013,P075_R175,0.75,1.75,0.9855072463768121,1.9190489130434787
VWAP_LONG|02_06|UP,VWAP_LONG,LONG,114,1.0952380952380956,0.05964912280701754,48,0.9714285714285712,-0.9000000000000012,66,1.1929824561403515,7.699999999999999,P075_R175,0.75,1.75,0.9714285714285712,1.8923057644110273
SWEEP_LONG|06_0830|SD,SWEEP_LONG,LONG,239,1.0542078466606768,0.03786610878661094,129,1.1224489795918369,10.800000000000006,110,0.977777777777778,-1.7499999999999964,P090_R225,0.9,2.25,0.977777777777778,1.8910309158530918
SWEEP_SHORT|06_0830|UP,SWEEP_SHORT,SHORT,76,1.0476190476190483,0.0355263157894737,40,0.9753694581280786,-0.75,36,1.1314285714285712,3.4500000000000015,P090_R275,0.9,2.75,0.9753694581280786,1.8878036686543944
SWEEP_LONG|06_0830|SD,SWEEP_LONG,LONG,239,0.9958847736625508,-0.002928870292886952,129,1.0114942528735633,1.0500000000000105,110,0.977777777777778,-1.7499999999999956,P075_R225,0.75,2.25,0.977777777777778,1.8767526731752673
SWEEP_LONG|06_0830|SD,SWEEP_LONG,LONG,239,1.0495894909688006,0.03158995815899582,129,1.129072681704261,10.299999999999994,110,0.9620427881297449,-2.7500000000000013,P090_R175,0.9,1.75,0.9620427881297449,1.8730992734853933
SWEEP_SHORT|06_0830|UP,SWEEP_SHORT,SHORT,76,1.242524916943522,0.14407894736842106,40,1.6190476190476188,13.0,36,0.9151138716356104,-2.0500000000000007,P105_R175,1.05,1.75,0.9151138716356104,1.8655415032145577
SWEEP_LONG|06_0830|SD,SWEEP_LONG,LONG,239,0.9810074318744835,-0.014435146443514589,129,0.9953917050691246,-0.4499999999999922,110,0.9642857142857144,-2.999999999999994,P075_R275,0.75,2.75,0.9642857142857144,1.8592334130304842
EXHAUST_LONG|06_0830|SD,EXHAUST_LONG,LONG,318,1.0624999999999991,0.039622641509433947,174,1.17020273455917,18.049999999999997,144,0.9429618001046572,-5.449999999999999,P075_R175,0.75,1.75,0.9429618001046572,1.856829724632959
EXHAUST_SHORT|0830_11|SU,EXHAUST_SHORT,SHORT,444,0.9482993197278908,-0.03423423423423424,225,0.946344735077129,-7.9999999999999964,219,0.9503105590062109,-7.200000000000006,P075_R175,0.75,1.75,0.946344735077129,1.834362753095147
SWEEP_SHORT|02_06|UP,SWEEP_SHORT,SHORT,104,0.9473684210526319,-0.04038461538461536,52,0.9473684210526321,-2.099999999999997,52,0.9473684210526321,-2.0999999999999948,P075_R275,0.75,2.75,0.9473684210526321,1.8332338056680166
EXHAUST_LONG|06_0830|SD,EXHAUST_LONG,LONG,318,1.0765395163300915,0.04827044025157232,174,1.2265512265512262,23.549999999999997,144,0.9151138716356108,-8.199999999999998,P090_R175,0.9,1.75,0.9151138716356108,1.8320085257236611
PULLBACK_LONG|02_06|UP,PULLBACK_LONG,LONG,144,1.0005350454788657,0.0003472222222222241,70,1.0793650793650797,3.5000000000000018,74,0.9300911854103349,-3.450000000000002,P090_R175,0.9,1.75,0.9300911854103349,1.8302127131881125
SWEEP_SHORT|02_06|UP,SWEEP_SHORT,SHORT,104,0.9714285714285716,-0.018749999999999992,52,1.0119047619047619,0.399999999999999,52,0.9321789321789321,-2.350000000000003,P090_R175,0.9,1.75,0.9321789321789321,1.8256164321789319
SWEEP_SHORT|02_06|UP,SWEEP_SHORT,SHORT,104,0.973843058350101,-0.01874999999999994,52,0.9312169312169315,-2.599999999999998,52,1.0176870748299323,0.6500000000000052,P090_R225,0.9,2.25,0.9312169312169315,1.8246544312169313
SWEEP_SHORT|02_06|UP,SWEEP_SHORT,SHORT,104,0.9321789321789323,-0.04519230769230767,52,0.9321789321789321,-2.3500000000000005,52,0.9321789321789321,-2.3500000000000023,P105_R175,1.05,1.75,0.9321789321789321,1.8163616244866243
SWEEP_SHORT|1330_1515|SU,SWEEP_SHORT,SHORT,153,0.9347079037800684,-0.04346405228758169,57,0.9444444444444448,-2.1000000000000014,96,0.9289617486338801,-4.549999999999997,P075_R175,0.75,1.75,0.9289617486338801,1.8137493303332266
VWAP_SHORT|0830_11|DN,VWAP_SHORT,SHORT,84,0.9469901168014381,-0.03511904761904762,44,0.9251700680272107,-2.200000000000001,40,0.9714285714285712,-0.7500000000000004,P075_R175,0.75,1.75,0.9251700680272107,1.812878401360544
EXHAUST_LONG|06_0830|SD,EXHAUST_LONG,LONG,318,0.9812409812409808,-0.012264150943396232,174,1.0386343216531893,4.300000000000001,144,0.9151138716356108,-8.199999999999998,P105_R175,1.05,1.75,0.9151138716356108,1.8108214188054221
EXHAUST_LONG|06_0830|SD,EXHAUST_LONG,LONG,318,0.9532019704433491,-0.03584905660377357,174,0.9795918367346931,-2.699999999999994,144,0.921832884097035,-8.699999999999985,P075_R275,0.75,2.75,0.921832884097035,1.8092857142857142
EXHAUST_LONG|06_0830|SD,EXHAUST_LONG,LONG,318,1.0328638497652578,0.023113207547169872,174,1.1598639455782305,18.80000000000001,144,0.892032060348892,-11.449999999999989,P090_R225,0.9,2.25,0.892032060348892,1.8001216829904014
SWEEP_LONG|06_0830|SU,SWEEP_LONG,LONG,115,0.9547920433996386,-0.032608695652173884,52,1.0176870748299323,0.650000000000003,63,0.9047619047619052,-4.399999999999995,P075_R225,0.75,2.25,0.9047619047619052,1.7933488612836443
SWEEP_LONG|06_0830|SD,SWEEP_LONG,LONG,239,0.995495495495495,-0.002928870292887019,129,1.0933828076685221,7.5499999999999945,110,0.8893360160965799,-8.250000000000005,P075_R175,0.75,1.75,0.8893360160965799,1.7883109114940692
PULLBACK_LONG|02_06|UP,PULLBACK_LONG,LONG,144,0.9523809523809523,-0.03437499999999993,70,1.0253292806484304,1.2500000000000042,74,0.8864468864468871,-6.199999999999994,P075_R225,0.75,2.25,0.8864468864468871,1.774415636446887
VWAP_LONG|06_0830|UP,VWAP_LONG,LONG,82,1.146825396825397,0.0902439024390244,44,0.83743842364532,-4.949999999999999,38,1.6190476190476186,12.349999999999994,P075_R175,0.75,1.75,0.83743842364532,1.7690237894989784
SWEEP_LONG|02_06|SU,SWEEP_LONG,LONG,181,0.9515455304928986,-0.032044198895027645,73,1.0670995670995675,3.0999999999999996,108,0.8789115646258506,-8.899999999999995,P075_R175,0.75,1.75,0.8789115646258506,1.7676960950125908
SWEEP_SHORT|06_0830|SU,SWEEP_SHORT,SHORT,308,0.9487870619946087,-0.03701298701298694,141,1.047619047619048,4.700000000000003,167,0.8700564971751411,-16.099999999999987,P075_R225,0.75,2.25,0.8700564971751411,1.7571019517205957
SWEEP_LONG|02_06|SU,SWEEP_LONG,LONG,181,0.8908886389201344,-0.08038674033149165,73,0.9038281979458456,-5.149999999999995,108,0.8822055137844612,-9.39999999999999,P075_R225,0.75,2.25,0.8822055137844612,1.754070154668439
SWEEP_LONG|02_06|UP,SWEEP_LONG,LONG,71,1.0699088145896662,0.0485915492957747,27,1.4404761904761905,7.400000000000003,44,0.878648233486943,-3.9499999999999984,P075_R225,0.75,2.25,0.878648233486943,1.750655275740464
SWEEP_LONG|02_06|UP,SWEEP_LONG,LONG,71,1.0699088145896662,0.04859154929577473,27,1.4404761904761905,7.400000000000003,44,0.878648233486943,-3.9499999999999975,P090_R225,0.9,2.25,0.878648233486943,1.750655275740464
SWEEP_SHORT|02_06|UP,SWEEP_SHORT,SHORT,104,0.973843058350101,-0.018749999999999892,52,1.1092436974789919,3.900000000000005,52,0.8494208494208497,-5.849999999999995,P075_R225,0.75,2.25,0.8494208494208497,1.7428583494208496
SWEEP_SHORT|06_0830|SU,SWEEP_SHORT,SHORT,308,0.8868150275185445,-0.07678571428571428,141,0.9174603174603173,-7.800000000000002,167,0.8615115771079072,-15.850000000000001,P075_R175,0.75,1.75,0.8615115771079072,1.734636577107907
PULLBACK_SHORT|06_0830|SD,PULLBACK_SHORT,SHORT,458,0.8861003861003857,-0.07729257641921397,229,0.8526984126984124,-23.199999999999996,229,0.9204174820613172,-12.200000000000006,P090_R175,0.9,1.75,0.8526984126984124,1.7256460109516873
SWEEP_LONG|02_06|DN,SWEEP_LONG,LONG,90,0.93734335839599,-0.04166666666666666,47,0.835637480798771,-5.3500000000000005,43,1.0586080586080584,1.5999999999999985,P075_R175,0.75,1.75,0.835637480798771,1.7210541474654377
PULLBACK_LONG|02_06|SU,PULLBACK_LONG,LONG,793,0.9033585929460191,-0.06513240857503153,395,0.8406593406593407,-43.5,398,0.9688276917192576,-8.150000000000002,P075_R175,0.75,1.75,0.8406593406593407,1.7178629976580795
VWAP_SHORT|02_06|SD,VWAP_SHORT,SHORT,164,1.0361904761904759,0.023170731707317045,92,1.2454212454212457,13.399999999999999,72,0.8095238095238095,-9.600000000000001,P075_R175,0.75,1.75,0.8095238095238095,1.7176335656213704
EXHAUST_SHORT|06_0830|SU,EXHAUST_SHORT,SHORT,453,0.867150928167877,-0.09083885209713026,199,0.8404216648491456,-21.950000000000006,254,0.8885017421602783,-19.20000000000001,P090_R175,0.9,1.75,0.8404216648491456,1.7086280666151499
EXHAUST_SHORT|02_06|UP,EXHAUST_SHORT,SHORT,84,0.9392446633825947,-0.044047619047618974,39,0.8231292517006801,-5.1999999999999975,45,1.0476190476190474,1.5000000000000033,P075_R225,0.75,2.25,0.8231292517006801,1.7077125850340134
PULLBACK_SHORT|06_0830|SD,PULLBACK_SHORT,SHORT,458,0.9291441662575677,-0.047270742358078606,229,0.820175438596491,-28.69999999999999,229,1.0483042137718395,7.049999999999992,P075_R175,0.75,1.75,0.820175438596491,1.7036306787711633
SWEEP_LONG|06_0830|SD,SWEEP_LONG,LONG,239,0.8619313647246603,-0.10857740585774053,129,0.8839285714285713,-11.699999999999992,110,0.836488812392427,-14.25,P090_R275,0.9,2.75,0.836488812392427,1.6984867203422178
EXHAUST_SHORT|02_06|UP,EXHAUST_SHORT,SHORT,84,0.9469901168014381,-0.035119047619047654,39,0.8095238095238093,-5.200000000000001,45,1.079365079365079,2.250000000000001,P075_R175,0.75,1.75,0.8095238095238093,1.6972321428571426
VWAP_LONG|06_0830|UP,VWAP_LONG,LONG,82,1.0285714285714291,0.02012195121951226,44,0.7857142857142856,-7.200000000000002,38,1.3664596273291922,8.850000000000001,P075_R225,0.75,2.25,0.7857142857142856,1.6927569686411148
PULLBACK_LONG|02_06|UP,PULLBACK_LONG,LONG,144,0.8611955420466059,-0.09513888888888891,70,0.8994708994708998,-4.75,74,0.826044703595724,-8.950000000000003,P105_R175,1.05,1.75,0.826044703595724,1.692746092484613
SWEEP_LONG|02_06|UP,SWEEP_LONG,LONG,71,0.9935064935064939,-0.004225352112676094,27,1.2952380952380946,4.649999999999998,44,0.83743842364532,-4.95,P105_R175,1.05,1.75,0.83743842364532,1.6909595504058834
SWEEP_LONG|02_06|UP,SWEEP_LONG,LONG,71,0.9935064935064939,-0.004225352112676045,27,1.2952380952380946,4.649999999999998,44,0.83743842364532,-4.95,P090_R175,0.9,1.75,0.83743842364532,1.6909595504058834
PULLBACK_LONG|06_0830|SU,PULLBACK_LONG,LONG,515,0.8938134810710985,-0.07815533980582519,262,0.9715349827081665,-5.349999999999987,253,0.8173731030873882,-34.89999999999999,P075_R225,0.75,2.25,0.8173731030873882,1.6900187341553492
SWEEP_SHORT|06_0830|SU,SWEEP_SHORT,SHORT,308,0.8868150275185445,-0.07678571428571428,141,0.975108225108225,-2.3000000000000007,167,0.8168168168168166,-21.35,P090_R175,0.9,1.75,0.8168168168168166,1.6899418168168165
EXHAUST_LONG|06_0830|DN,EXHAUST_LONG,LONG,50,0.9859943977591038,-0.009999999999999933,21,1.0476190476190472,0.7000000000000015,29,0.9428571428571427,-1.1999999999999995,P075_R225,0.75,2.25,0.9428571428571427,1.6893571428571428
SWEEP_LONG|06_0830|UP,SWEEP_LONG,LONG,89,0.9089390142021722,-0.0612359550561798,42,0.8095238095238093,-5.6,47,1.004926108374384,0.1499999999999997,P075_R175,0.75,1.75,0.8095238095238093,1.6880912252541465
PULLBACK_LONG|06_0830|SU,PULLBACK_LONG,LONG,515,0.8699360341151383,-0.0888349514563107,262,0.9210151126318783,-13.850000000000009,253,0.8191609977324257,-31.90000000000001,P075_R175,0.75,1.75,0.8191609977324257,1.6880687647227168
PULLBACK_LONG|06_0830|SU,PULLBACK_LONG,LONG,515,0.8625283446712013,-0.09417475728155342,262,0.9058956916099765,-16.60000000000001,253,0.8191609977324257,-31.900000000000002,P090_R175,0.9,1.75,0.8191609977324257,1.6861998326838818
EXHAUST_SHORT|02_06|UP,EXHAUST_SHORT,SHORT,84,0.8994708994709,-0.06785714285714287,39,0.8095238095238093,-5.200000000000001,45,0.9829931972789113,-0.5000000000000007,P090_R175,0.9,1.75,0.8095238095238093,1.685773809523809
PULLBACK_SHORT|06_0830|SD,PULLBACK_SHORT,SHORT,458,0.8942293428274735,-0.07783842794759821,229,0.8126984126984126,-32.44999999999999,229,0.9804639804639802,-3.1999999999999886,P075_R225,0.75,2.25,0.8126984126984126,1.685454962916753
SWEEP_LONG|06_0830|SU,SWEEP_LONG,LONG,115,0.8970398970398971,-0.06956521739130438,52,1.0119047619047619,0.399999999999999,63,0.8095238095238096,-8.400000000000004,P090_R175,0.9,1.75,0.8095238095238096,1.685175983436853
PULLBACK_LONG|06_0830|SU,PULLBACK_LONG,LONG,515,0.8610567514677098,-0.10339805825242716,262,0.9045016913869366,-18.349999999999994,253,0.8173731030873882,-34.899999999999984,P090_R225,0.9,2.25,0.8173731030873882,1.6811837826990386
EXHAUST_SHORT|02_06|UP,EXHAUST_SHORT,SHORT,84,0.8380952380952383,-0.12142857142857137,39,0.8231292517006801,-5.1999999999999975,45,0.851190476190476,-4.999999999999998,P090_R225,0.9,2.25,0.8231292517006801,1.68062925170068
SWEEP_SHORT|02_06|UP,SWEEP_SHORT,SHORT,104,0.9714285714285716,-0.018750000000000003,52,1.1873015873015873,5.8999999999999995,52,0.7863945578231294,-7.85,P075_R175,0.75,1.75,0.7863945578231294,1.6798320578231292
EXHAUST_SHORT|06_0830|SU,EXHAUST_SHORT,SHORT,453,0.8432846822939698,-0.11732891832229578,199,0.8205128205128206,-26.94999999999999,254,0.861375661375661,-26.199999999999996,P075_R225,0.75,2.25,0.8205128205128206,1.6794476991000171
VWAP_LONG|06_0830|UP,VWAP_LONG,LONG,82,1.0903790087463558,0.056707317073170754,44,0.7555555555555553,-7.700000000000002,38,1.6190476190476186,12.349999999999994,P090_R175,0.9,1.75,0.7555555555555553,1.675403116531165
SWEEP_SHORT|06_0830|FLAT,SWEEP_SHORT,SHORT,76,0.841904761904762,-0.10921052631578954,39,0.8095238095238093,-5.200000000000001,37,0.8769841269841268,-3.1000000000000005,P075_R175,0.75,1.75,0.8095238095238093,1.6713001253132829
SWEEP_SHORT|0830_11|SU,SWEEP_SHORT,SHORT,249,0.9324894514767929,-0.04497991967871487,108,1.1564625850340142,10.349999999999998,141,0.7839598997493736,-21.550000000000004,P075_R175,0.75,1.75,0.7839598997493736,1.6682169278618233
SWEEP_LONG|02_06|SU,SWEEP_LONG,LONG,181,0.8230158730158728,-0.12320441988950279,73,0.8432539682539683,-7.900000000000001,108,0.8095238095238095,-14.4,P090_R175,0.9,1.75,0.8095238095238095,1.6664022625624835
EXHAUST_LONG|02_06|SD,EXHAUST_LONG,LONG,604,0.8379995214166063,-0.11208609271523179,322,0.8753702437912959,-27.34999999999999,282,0.7966742252456531,-40.35,P075_R175,0.75,1.75,0.7966742252456531,1.657444092795322
PULLBACK_LONG|02_06|UP,PULLBACK_LONG,LONG,144,0.9219047619047619,-0.05694444444444437,70,1.0931677018633545,4.500000000000005,74,0.7760141093474432,-12.699999999999996,P090_R225,0.9,2.25,0.7760141093474432,1.6560835537918877
EXHAUST_SHORT|02_06|SU,EXHAUST_SHORT,SHORT,735,0.809523809523809,-0.13333333333333333,329,0.8243774574049796,-40.199999999999996,406,0.7976190476190474,-57.800000000000004,P075_R175,0.75,1.75,0.7976190476190474,1.6509523809523807
VWAP_LONG|02_06|UP,VWAP_LONG,LONG,114,0.8904761904761904,-0.08070175438596486,48,0.7782312925170068,-8.149999999999999,66,0.9777777777777784,-1.049999999999994,P075_R225,0.75,2.25,0.7782312925170068,1.6499856784819191
VWAP_SHORT|06_0830|FLAT,VWAP_SHORT,SHORT,35,1.214285714285714,0.12857142857142856,15,1.4166666666666665,3.500000000000001,20,1.079365079365079,0.9999999999999989,P075_R175,0.75,1.75,1.079365079365079,1.649365079365079
VWAP_SHORT|06_0830|FLAT,VWAP_SHORT,SHORT,35,1.214285714285714,0.12857142857142856,15,1.4166666666666665,3.5,20,1.079365079365079,0.9999999999999989,P090_R175,0.9,1.75,1.079365079365079,1.649365079365079
PULLBACK_LONG|06_0830|SU,PULLBACK_LONG,LONG,515,0.8593634344929679,-0.11067961165048543,262,0.9374999999999993,-12.600000000000001,253,0.7820324005891012,-44.39999999999999,P075_R275,0.75,2.75,0.7820324005891012,1.6432945365114313
PULLBACK_LONG|06_0830|UP,PULLBACK_LONG,LONG,117,0.9066666666666667,-0.0628205128205128,53,0.7645502645502648,-8.900000000000002,64,1.0378510378510384,1.5499999999999972,P075_R175,0.75,1.75,0.7645502645502648,1.6425630850630852
SWEEP_SHORT|06_0830|FLAT,SWEEP_SHORT,SHORT,76,0.841904761904762,-0.10921052631578944,39,0.9066666666666664,-2.450000000000002,37,0.777142857142857,-5.8500000000000005,P105_R175,1.05,1.75,0.777142857142857,1.6389191729323307
EXHAUST_SHORT|06_0830|SU,EXHAUST_SHORT,SHORT,453,0.8756073858114668,-0.08476821192052982,199,0.7675485008818341,-32.95,254,0.9673554956573819,-5.450000000000006,P075_R175,0.75,1.75,0.7675485008818341,1.6378796267096485
PULLBACK_LONG|02_06|UP,PULLBACK_LONG,LONG,144,0.8891855807743658,-0.08645833333333326,70,1.028571428571429,1.5000000000000042,74,0.7669172932330829,-13.949999999999996,P075_R275,0.75,2.75,0.7669172932330829,1.6366568765664162
SWEEP_LONG|02_06|UP,SWEEP_LONG,LONG,71,1.117913832199547,0.07323943661971828,27,2.023809523809523,12.899999999999995,44,0.7555555555555553,-7.700000000000001,P075_R175,0.75,1.75,0.7555555555555553,1.6361893583724567
EXHAUST_LONG|0830_11|SD,EXHAUST_LONG,LONG,423,0.7924211938296443,-0.1463356973995272,208,0.7863945578231292,-31.4,215,0.7982804232804233,-30.500000000000004,P075_R175,0.75,1.75,0.7863945578231292,1.6351770637332945
EXHAUST_SHORT|02_06|UP,EXHAUST_SHORT,SHORT,84,0.8571428571428577,-0.11249999999999995,39,0.7714285714285712,-7.199999999999999,45,0.935064935064935,-2.2499999999999982,P075_R275,0.75,2.75,0.7714285714285712,1.632053571428571
SWEEP_LONG|06_0830|SD,SWEEP_LONG,LONG,239,0.8161683277962344,-0.13891213389121335,129,0.7801418439716313,-21.69999999999999,110,0.8595848595848598,-11.499999999999996,P105_R225,1.05,2.25,0.7801418439716313,1.6315225971097065
SWEEP_SHORT|1330_1515|SU,SWEEP_SHORT,SHORT,153,0.819047619047619,-0.13660130718954241,57,0.8904761904761906,-4.599999999999997,96,0.7782312925170071,-16.299999999999997,P075_R225,0.75,2.25,0.7782312925170071,1.6304208350006673
SWEEP_SHORT|1330_1515|SU,SWEEP_SHORT,SHORT,153,0.8095238095238095,-0.13333333333333333,57,0.8751608751608755,-4.8500000000000005,96,0.7721611721611724,-15.55,P090_R175,0.9,1.75,0.7721611721611724,1.6254945054945056
PULLBACK_LONG|06_0830|UP,PULLBACK_LONG,LONG,117,0.894308943089431,-0.0777777777777777,53,0.7521367521367524,-10.150000000000002,64,1.0232558139534889,1.0500000000000025,P075_R225,0.75,2.25,0.7521367521367524,1.62491452991453
PULLBACK_LONG|02_06|SU,PULLBACK_LONG,LONG,793,0.7943685300207037,-0.15655737704918027,395,0.778439153439153,-66.99999999999999,398,0.8103534096565451,-57.14999999999998,P075_R225,0.75,2.25,0.778439153439153,1.62364407147194
PULLBACK_SHORT|06_0830|SD,PULLBACK_SHORT,SHORT,458,0.8822790113112692,-0.09203056768558948,229,0.7554479418886195,-45.44999999999999,229,1.0191637630662018,3.3000000000000096,P075_R275,0.75,2.75,0.7554479418886195,1.623237243198663
VWAP_LONG|02_06|UP,VWAP_LONG,LONG,114,0.9444444444444444,-0.03684210526315787,48,0.7359307359307359,-9.149999999999999,66,1.1208791208791216,4.949999999999999,P090_R175,0.9,1.75,0.7359307359307359,1.6230359990886305
SWEEP_SHORT|11_1330|SU,SWEEP_SHORT,SHORT,238,0.7892857142857139,-0.14873949579831938,108,0.8095238095238095,-14.40000000000001,130,0.7727272727272726,-21.000000000000004,P075_R175,0.75,1.75,0.7727272727272726,1.6206684491978607
PULLBACK_SHORT|02_06|DN,PULLBACK_SHORT,SHORT,148,0.777142857142857,-0.15810810810810816,80,0.7795414462081132,-12.5,68,0.7743271221532095,-10.900000000000004,P075_R175,0.75,1.75,0.7743271221532095,1.6189892843153717
SWEEP_SHORT|06_0830|DN,SWEEP_SHORT,SHORT,69,0.9199134199134201,-0.053623188405797106,28,0.7669172932330826,-4.650000000000002,41,1.036190476190476,0.9499999999999991,P090_R175,0.9,1.75,0.7669172932330826,1.6181491772910537
PULLBACK_SHORT|06_0830|SD,PULLBACK_SHORT,SHORT,458,0.8304297328687569,-0.12751091703056763,229,0.760770975056689,-42.19999999999999,229,0.903571428571428,-16.199999999999996,P090_R225,0.9,2.25,0.760770975056689,1.6161421540959902
SWEEP_LONG|02_06|UP,SWEEP_LONG,LONG,71,1.0084033613445382,0.00633802816901408,27,1.5126050420168067,9.150000000000002,44,0.7563025210084034,-8.7,P075_R275,0.75,2.75,0.7563025210084034,1.6135208308675584
SWEEP_LONG|02_06|UP,SWEEP_LONG,LONG,71,0.8800000000000004,-0.08873239436619705,27,1.0476190476190474,0.9000000000000004,44,0.7857142857142856,-7.1999999999999975,P105_R225,1.05,2.25,0.7857142857142856,1.6096579476861166
VWAP_SHORT|0830_11|DN,VWAP_SHORT,SHORT,84,0.8095238095238098,-0.13333333333333336,44,0.7555555555555553,-7.7,40,0.8717948717948716,-3.5000000000000004,P090_R175,0.9,1.75,0.7555555555555553,1.6088888888888886
SWEEP_SHORT|06_0830|UP,SWEEP_SHORT,SHORT,76,0.8571428571428574,-0.11249999999999996,40,0.7465437788018432,-8.25,36,0.9890109890109888,-0.29999999999999893,P105_R275,1.05,2.75,0.7465437788018432,1.6071687788018432
SWEEP_SHORT|06_0830|DN,SWEEP_SHORT,SHORT,69,0.8634920634920636,-0.09347826086956527,28,0.7669172932330826,-4.650000000000002,41,0.9340659340659337,-1.800000000000001,P075_R175,0.75,1.75,0.7669172932330826,1.6041999019287347
SWEEP_LONG|06_0830|SU,SWEEP_LONG,LONG,115,0.7990105132962277,-0.14130434782608695,52,0.8571428571428572,-5.1,63,0.7530454042081951,-11.150000000000006,P105_R175,1.05,1.75,0.7530454042081951,1.6035888824690647
PULLBACK_SHORT|02_06|SD,PULLBACK_SHORT,SHORT,796,0.7631370477950883,-0.16903266331658293,421,0.7642357642357642,-70.80000000000001,375,0.7619047619047615,-63.75,P075_R175,0.75,1.75,0.7619047619047615,1.6027433297439573
PULLBACK_LONG|06_0830|SU,PULLBACK_LONG,LONG,515,0.7977915804002756,-0.14223300970873787,262,0.8471760797342188,-27.60000000000001,253,0.7486925406000547,-45.65,P105_R175,1.05,1.75,0.7486925406000547,1.5989109872019964
SWEEP_SHORT|06_0830|SU,SWEEP_SHORT,SHORT,308,0.8374384236453198,-0.11250000000000002,141,0.975108225108225,-2.299999999999999,167,0.7320910973084885,-32.349999999999994,P105_R175,1.05,1.75,0.7320910973084885,1.5927160973084884
VWAP_LONG|02_06|UP,VWAP_LONG,LONG,114,0.7597402597402597,-0.19473684210526312,48,0.7644787644787647,-9.149999999999999,66,0.7563025210084037,-13.049999999999997,P075_R275,0.75,2.75,0.7563025210084037,1.5881446262715615
SWEEP_LONG|0830_11|SD,SWEEP_LONG,LONG,239,0.7548933683903006,-0.17552301255230127,117,0.7488095238095238,-21.1,122,0.7607573149741825,-20.85,P075_R175,0.75,1.75,0.7488095238095238,1.5873764694162182
SWEEP_LONG|06_0830|SU,SWEEP_LONG,LONG,115,0.827586206896552,-0.1369565217391304,52,0.9473684210526321,-2.099999999999998,63,0.7346938775510206,-13.650000000000002,P075_R275,0.75,2.75,0.7346938775510206,1.586759094942325
SWEEP_SHORT|02_06|SU,SWEEP_SHORT,SHORT,424,0.8239281477715639,-0.12252358490566038,189,0.9523809523809522,-5.95,235,0.7295708406819515,-45.999999999999986,P075_R175,0.75,1.75,0.7295708406819515,1.5866875859649703
EXHAUST_SHORT|06_0830|UP,EXHAUST_SHORT,SHORT,48,0.9714285714285712,-0.018750000000000044,28,1.0476190476190474,0.849999999999997,20,0.8717948717948715,-1.7500000000000009,P075_R175,0.75,1.75,0.8717948717948715,1.5852323717948713
PULLBACK_SHORT|06_0830|SD,PULLBACK_SHORT,SHORT,458,0.750038034383082,-0.17936681222707423,229,0.7576312576312575,-39.699999999999996,229,0.7424931756141945,-42.45,P105_R175,1.05,1.75,0.7424931756141945,1.5797147913347183
SWEEP_LONG|02_06|SD,SWEEP_LONG,LONG,369,0.7899385560675878,-0.14823848238482387,195,0.8474702380952378,-20.500000000000004,174,0.7285714285714284,-34.2,P075_R175,0.75,1.75,0.7285714285714284,1.57668795973674
EXHAUST_SHORT|06_0830|SU,EXHAUST_SHORT,SHORT,453,0.7622139764996906,-0.169757174392936,199,0.732707681612791,-38.45,254,0.7858535226956276,-38.45000000000002,P105_R175,1.05,1.75,0.732707681612791,1.5732926705752632
SWEEP_SHORT|06_0830|SD,SWEEP_SHORT,SHORT,102,0.7542857142857144,-0.1897058823529412,52,0.7719298245614037,-9.099999999999998,50,0.7361647361647363,-10.25,P090_R225,0.9,2.25,0.7361647361647363,1.5697676773412068
EXHAUST_SHORT|02_06|SU,EXHAUST_SHORT,SHORT,735,0.7566137566137564,-0.18775510204081627,329,0.7890017931858929,-52.949999999999974,406,0.7308970099667771,-85.04999999999998,P075_R225,0.75,2.25,0.7308970099667771,1.5651827242524914
PULLBACK_LONG|11_1330|UP,PULLBACK_LONG,LONG,92,0.7452758881330315,-0.1831521739130435,34,0.7743271221532089,-5.450000000000001,58,0.7285714285714285,-11.400000000000006,P075_R175,0.75,1.75,0.7285714285714285,1.5644681677018633
PULLBACK_SHORT|0830_11|SD,PULLBACK_SHORT,SHORT,551,0.7726286224945739,-0.16161524500907443,283,0.7186588921282793,-57.900000000000006,268,0.8323917137476455,-31.150000000000002,P075_R175,0.75,1.75,0.7186588921282793,1.5620935563751033
EXHAUST_SHORT|02_06|SU,EXHAUST_SHORT,SHORT,735,0.7657219200305367,-0.16700680272108845,329,0.8243774574049796,-40.2,406,0.7202169123877304,-82.55,P090_R175,0.9,1.75,0.7202169123877304,1.5617645314353494
EXHAUST_SHORT|02_06|UP,EXHAUST_SHORT,SHORT,84,0.7669172932330829,-0.16607142857142862,39,0.7195767195767194,-7.950000000000001,45,0.8095238095238092,-6.000000000000001,P105_R175,1.05,1.75,0.7195767195767194,1.5614517195767195
VWAP_LONG|02_06|UP,VWAP_LONG,LONG,114,0.7482993197278913,-0.19473684210526312,48,0.7782312925170068,-8.149999999999999,66,0.7269193391642373,-14.049999999999999,P090_R225,0.9,2.25,0.7269193391642373,1.5587614444273952
SWEEP_LONG|06_0830|SU,SWEEP_LONG,LONG,115,0.8308270676691731,-0.11739130434782612,52,1.0119047619047619,0.3999999999999986,63,0.6991341991341993,-13.900000000000006,P075_R175,0.75,1.75,0.6991341991341993,1.55804724261246
EXHAUST_LONG|02_06|SD,EXHAUST_LONG,LONG,604,0.7359113667838495,-0.2052152317880794,322,0.7276349870492123,-68.34999999999998,282,0.745421245421245,-55.59999999999999,P075_R225,0.75,2.25,0.7276349870492123,1.5558096559233845
SWEEP_SHORT|06_0830|SD,SWEEP_SHORT,SHORT,102,0.7401360544217689,-0.18725490196078431,52,0.7195767195767198,-10.600000000000001,50,0.761904761904762,-8.500000000000002,P075_R175,0.75,1.75,0.7195767195767198,1.554037503890445
EXHAUST_LONG|06_0830|SD,EXHAUST_LONG,LONG,318,0.7936507936507932,-0.16556603773584902,174,0.8703296703296705,-17.699999999999996,144,0.7054361567635905,-34.949999999999996,P090_R275,0.9,2.75,0.7054361567635905,1.5474880435560432
VWAP_LONG|06_0830|SU,VWAP_LONG,LONG,30,1.079365079365079,0.049999999999999906,15,1.079365079365079,0.7499999999999991,15,1.079365079365079,0.7499999999999991,P090_R175,0.9,1.75,1.079365079365079,1.546865079365079
PULLBACK_LONG|02_06|SU,PULLBACK_LONG,LONG,793,0.7195767195767192,-0.20384615384615384,395,0.7235304378161518,-79.25,398,0.7156659765355414,-82.4,P090_R175,0.9,1.75,0.7156659765355414,1.5443198226893875
SWEEP_SHORT|06_0830|FLAT,SWEEP_SHORT,SHORT,76,0.8536155202821876,-0.10921052631578941,39,1.0476190476190474,1.3000000000000014,37,0.6734693877551019,-9.600000000000005,P075_R225,0.75,2.25,0.6734693877551019,1.5352457035445757
SWEEP_LONG|0830_11|SU,SWEEP_LONG,LONG,86,0.7409200968523004,-0.18662790697674422,33,0.8095238095238093,-4.400000000000001,53,0.7001287001287003,-11.650000000000006,P075_R175,0.75,1.75,0.7001287001287003,1.5348089326868397
EXHAUST_LONG|02_06|DN,EXHAUST_LONG,LONG,70,0.8979591836734698,-0.07499999999999993,41,0.6758832565284177,-10.55,29,1.2804232804232802,5.300000000000002,P075_R225,0.75,2.25,0.6758832565284177,1.5346332565284178
VWAP_LONG|02_06|SU,VWAP_LONG,LONG,153,0.7167919799498748,-0.22156862745098038,70,0.7252747252747256,-15.000000000000004,83,0.7096774193548392,-18.9,P075_R225,0.75,2.25,0.7096774193548392,1.532128399746996
SWEEP_SHORT|06_0830|SD,SWEEP_SHORT,SHORT,102,0.7912087912087914,-0.16764705882352934,52,0.6898954703832753,-13.35,50,0.9034749034749038,-3.7499999999999964,P075_R275,0.75,2.75,0.6898954703832753,1.53121899979504
EXHAUST_LONG|06_0830|DN,EXHAUST_LONG,LONG,50,0.9034749034749038,-0.07499999999999993,21,0.8035714285714285,-3.3,29,0.9795918367346937,-0.44999999999999907,P075_R275,0.75,2.75,0.8035714285714285,1.5273214285714285
SWEEP_SHORT|0830_11|SU,SWEEP_SHORT,SHORT,249,0.7556596409055422,-0.18855421686746984,108,0.8435374149659867,-12.649999999999991,141,0.6918238993710691,-34.3,P075_R225,0.75,2.25,0.6918238993710691,1.5258299234674546
PULLBACK_SHORT|06_0830|SD,PULLBACK_SHORT,SHORT,458,0.7274909963985592,-0.22303493449781656,229,0.6999999999999998,-56.69999999999999,229,0.7554479418886195,-45.449999999999996,P090_R275,0.9,2.75,0.6999999999999998,1.521937772925764
SWEEP_SHORT|06_0830|SD,SWEEP_SHORT,SHORT,102,0.7167919799498749,-0.22156862745098038,52,0.6984126984126987,-12.35,50,0.7361647361647363,-10.25,P075_R225,0.75,2.25,0.6984126984126987,1.5208636788048555
EXHAUST_LONG|06_0830|DN,EXHAUST_LONG,LONG,50,0.834054834054834,-0.11500000000000002,21,0.8095238095238092,-2.8000000000000007,29,0.8521303258145362,-2.9500000000000024,P090_R175,0.9,1.75,0.8095238095238092,1.5192738095238092
SWEEP_LONG|02_06|UP,SWEEP_LONG,LONG,71,0.7480519480519484,-0.20492957746478874,27,0.7346938775510202,-5.8500000000000005,44,0.7563025210084034,-8.700000000000001,P090_R275,0.9,2.75,0.7346938775510202,1.5179685254383442
VWAP_LONG|06_0830|UP,VWAP_LONG,LONG,82,0.7517006802721089,-0.1780487804878049,44,0.6789554531490014,-10.450000000000003,38,0.8419047619047617,-4.150000000000001,P105_R175,1.05,1.75,0.6789554531490014,1.5166383799782697
VWAP_LONG|02_06|SU,VWAP_LONG,LONG,153,0.6960391633288829,-0.223202614379085,70,0.6938775510204083,-15.750000000000004,83,0.697865353037767,-18.400000000000002,P075_R175,0.75,1.75,0.6938775510204083,1.5157566359877284
SWEEP_SHORT|06_0830|DN,SWEEP_SHORT,SHORT,69,0.7961904761904766,-0.15507246376811598,28,0.6984126984126983,-6.6499999999999995,41,0.8669950738916253,-4.049999999999999,P075_R225,0.75,2.25,0.6984126984126983,1.5141373360938577
VWAP_LONG|06_0830|UP,VWAP_LONG,LONG,82,0.8294930875576042,-0.13536585365853657,44,0.6612244897959185,-12.450000000000003,38,1.0476190476190474,1.3500000000000014,P075_R275,0.75,2.75,0.6612244897959185,1.5138464410154306
VWAP_SHORT|06_0830|SD,VWAP_SHORT,SHORT,24,1.3699633699633695,0.21041666666666656,14,1.6190476190476188,4.550000000000001,10,1.0793650793650793,0.49999999999999956,P090_R175,0.9,1.75,1.0793650793650793,1.5130109126984124
VWAP_LONG|02_06|UP,VWAP_LONG,LONG,114,0.7779839208410639,-0.1574561403508772,48,0.6666666666666666,-11.899999999999999,66,0.8660022148394245,-6.0500000000000025,P105_R175,1.05,1.75,0.6666666666666666,1.5115570175438595
EXHAUST_SHORT|06_0830|SU,EXHAUST_SHORT,SHORT,453,0.7295918367346935,-0.2105960264900662,199,0.6844444444444444,-49.7,254,0.7660010240655397,-45.699999999999996,P090_R225,0.9,2.25,0.6844444444444444,1.5107358351729212
SWEEP_SHORT|06_0830|DN,SWEEP_SHORT,SHORT,69,0.7762803234501351,-0.1804347826086957,28,0.7012987012987011,-6.9,41,0.8294930875576035,-5.55,P075_R275,0.75,2.75,0.7012987012987011,1.5081465273856576
EXHAUST_SHORT|06_0830|SU,EXHAUST_SHORT,SHORT,453,0.7191283292978207,-0.23046357615894042,199,0.6878980891719745,-51.449999999999996,254,0.7440174039158809,-52.95000000000001,P090_R275,0.9,2.75,0.6878980891719745,1.5072358375163453
EXHAUST_SHORT|06_0830|SU,EXHAUST_SHORT,SHORT,453,0.7191283292978207,-0.23046357615894042,199,0.6878980891719745,-51.45,254,0.7440174039158809,-52.95000000000001,P075_R275,0.75,2.75,0.6878980891719745,1.5072358375163453
SWEEP_SHORT|06_0830|FLAT,SWEEP_SHORT,SHORT,76,0.7482993197278914,-0.19473684210526312,39,0.8231292517006801,-5.199999999999999,37,0.6734693877551019,-9.6,P090_R225,0.9,2.25,0.6734693877551019,1.5053114930182598
EXHAUST_LONG|06_0830|SD,EXHAUST_LONG,LONG,318,0.7400202634245181,-0.2017295597484276,174,0.7981859410430833,-26.69999999999999,144,0.672782874617737,-37.44999999999999,P105_R225,1.05,2.25,0.672782874617737,1.5021775287057872
SWEEP_LONG|06_0830|SD,SWEEP_LONG,LONG,239,0.7150496562261265,-0.23410041841004187,129,0.6806722689075632,-34.19999999999999,110,0.7563025210084036,-21.75,P105_R275,1.05,2.75,0.6806722689075632,1.4987371224640484
VWAP_LONG|06_0830|UP,VWAP_LONG,LONG,82,0.7755102040816331,-0.18109756097560978,44,0.6612244897959185,-12.450000000000003,38,0.9183673469387753,-2.3999999999999995,P090_R275,0.9,2.75,0.6612244897959185,1.4978403434544552
PULLBACK_LONG|0830_11|UP,PULLBACK_LONG,LONG,139,0.7498746867167921,-0.17949640287769786,63,0.8687572590011616,-5.6499999999999995,76,0.6596119929453266,-19.3,P075_R175,0.75,1.75,0.6596119929453266,1.4967882519381321
SWEEP_SHORT|02_06|SU,SWEEP_SHORT,SHORT,424,0.7250188964474674,-0.21450471698113205,189,0.7952728536670142,-29.449999999999992,235,0.6709470304975921,-61.499999999999986,P075_R225,0.75,2.25,0.6709470304975921,1.4958703795541957
SWEEP_LONG|06_0830|UP,SWEEP_LONG,LONG,89,0.7736263736263737,-0.17359550561797746,42,0.6547619047619048,-11.600000000000001,47,0.8888888888888888,-3.849999999999998,P075_R225,0.75,2.25,0.6547619047619048,1.4940034777956126
SWEEP_LONG|06_0830|SU,SWEEP_LONG,LONG,115,0.7732426303854877,-0.17391304347826084,52,0.9312169312169315,-2.599999999999998,63,0.6547619047619048,-17.400000000000002,P090_R225,0.9,2.25,0.6547619047619048,1.4938923395445134
SWEEP_LONG|02_06|FLAT,SWEEP_LONG,LONG,83,0.7385129490392649,-0.1885542168674699,45,0.6577380952380951,-11.500000000000004,38,0.8419047619047617,-4.15,P075_R175,0.75,1.75,0.6577380952380951,1.4917441193344807
SWEEP_SHORT|06_0830|FLAT,SWEEP_SHORT,SHORT,76,0.7409200968523004,-0.2111842105263158,39,0.6635944700460829,-10.950000000000001,37,0.8265306122448979,-5.099999999999999,P105_R275,1.05,2.75,0.6635944700460829,1.4896799963618723
SWEEP_SHORT|02_06|SU,SWEEP_SHORT,SHORT,424,0.7563025210084032,-0.1744103773584906,189,0.9098780007870914,-11.450000000000001,235,0.6456916099773241,-62.5,P090_R175,0.9,1.75,0.6456916099773241,1.4846479779018522
VWAP_SHORT|02_06|DN,VWAP_SHORT,SHORT,98,0.7885714285714288,-0.16989795918367342,58,0.897009966777409,-4.649999999999998,40,0.6428571428571429,-12.0,P075_R275,0.75,2.75,0.6428571428571429,1.4833928571428572
VWAP_SHORT|06_0830|DN,VWAP_SHORT,SHORT,80,0.7359307359307362,-0.190625,45,0.8095238095238092,-6.000000000000001,35,0.6476190476190475,-9.250000000000002,P075_R175,0.75,1.75,0.6476190476190475,1.4809002976190475
VWAP_SHORT|02_06|SD,VWAP_SHORT,SHORT,164,0.8169506334643949,-0.12774390243902442,92,0.9941520467836259,-0.34999999999999765,72,0.6227106227106228,-20.6,P090_R175,0.9,1.75,0.6227106227106228,1.4780002568569643
SWEEP_LONG|02_06|SD,SWEEP_LONG,LONG,369,0.6758832565284176,-0.25731707317073166,195,0.684159378036929,-48.749999999999986,174,0.6666666666666667,-46.19999999999999,P075_R225,0.75,2.25,0.6666666666666667,1.4766056910569105
SWEEP_SHORT|02_06|DN,SWEEP_SHORT,SHORT,72,0.8095238095238095,-0.13333333333333336,36,1.03030303030303,0.6999999999999975,36,0.6227106227106226,-10.300000000000004,P075_R175,0.75,1.75,0.6227106227106226,1.4760439560439558
SWEEP_SHORT|0830_11|SU,SWEEP_SHORT,SHORT,249,0.7385129490392646,-0.1885542168674699,108,0.8789115646258506,-8.900000000000006,141,0.6412069778406412,-38.050000000000004,P090_R175,0.9,1.75,0.6412069778406412,1.4752130019370266
SWEEP_SHORT|06_0830|DN,SWEEP_SHORT,SHORT,69,0.80952380952381,-0.13333333333333341,28,0.6476190476190475,-7.400000000000002,41,0.9340659340659337,-1.800000000000001,P105_R175,1.05,1.75,0.6476190476190475,1.4709523809523808
SWEEP_SHORT|06_0830|SU,SWEEP_SHORT,SHORT,308,0.7476400251730644,-0.1952922077922077,141,0.8888888888888888,-11.54999999999999,167,0.6383928571428572,-48.599999999999994,P105_R225,1.05,2.25,0.6383928571428572,1.4700405844155844
SWEEP_LONG|02_06|FLAT,SWEEP_LONG,LONG,83,0.6585956416464892,-0.2548192771084338,45,0.6577380952380951,-11.500000000000004,38,0.6596119929453261,-9.650000000000006,P090_R175,0.9,1.75,0.6577380952380951,1.468551348250143
PULLBACK_SHORT|02_06|SD,PULLBACK_SHORT,SHORT,796,0.6660359508041626,-0.2660804020100502,421,0.6699507389162558,-110.54999999999998,375,0.6616541353383457,-101.24999999999996,P075_R225,0.75,2.25,0.6616541353383457,1.468525994634828
SWEEP_SHORT|06_0830|SU,SWEEP_SHORT,SHORT,308,0.7703435804701619,-0.18555194805194797,141,0.9486823855755896,-5.549999999999994,167,0.6332622601279319,-51.599999999999994,P075_R275,0.75,2.75,0.6332622601279319,1.46831907830975
SWEEP_SHORT|06_0830|SU,SWEEP_SHORT,SHORT,308,0.6878306878306875,-0.258603896103896,141,0.7246753246753248,-31.79999999999999,167,0.6573576799140711,-47.85,P090_R275,0.9,2.75,0.6573576799140711,1.4668463162777075
VWAP_LONG|0830_11|SU,VWAP_LONG,LONG,46,0.8634920634920633,-0.09347826086956519,28,0.8994708994708994,-1.900000000000003,18,0.8095238095238093,-2.400000000000001,P075_R175,0.75,1.75,0.8095238095238093,1.4668064182194613
EXHAUST_SHORT|0830_11|SU,EXHAUST_SHORT,SHORT,444,0.758399065147531,-0.1862612612612612,225,0.6297825488576932,-67.24999999999999,219,0.9038281979458446,-15.449999999999987,P075_R225,0.75,2.25,0.6297825488576932,1.4645911074162519
VWAP_SHORT|02_06|SD,VWAP_SHORT,SHORT,164,0.8669950738916253,-0.09878048780487803,92,1.1174603174603177,7.400000000000007,72,0.598639455782313,-23.599999999999998,P075_R225,0.75,2.25,0.598639455782313,1.4640662850506057
VWAP_LONG|06_0830|FLAT,VWAP_LONG,LONG,26,1.1092436974789917,0.07500000000000004,12,1.0476190476190477,0.4000000000000008,14,1.164021164021164,1.550000000000001,P075_R225,0.75,2.25,1.0476190476190477,1.4638690476190477
SWEEP_SHORT|06_0830|FLAT,SWEEP_SHORT,SHORT,76,0.841904761904762,-0.10921052631578948,39,1.1262939958592129,3.05,37,0.5996472663139328,-11.350000000000005,P090_R175,0.9,1.75,0.5996472663139328,1.4614235821034063
SWEEP_SHORT|0830_11|FLAT,SWEEP_SHORT,SHORT,45,0.8932676518883413,-0.07222222222222224,21,0.8095238095238092,-2.8,24,0.9714285714285711,-0.45000000000000284,P075_R175,0.75,1.75,0.8095238095238092,1.4592460317460314
PULLBACK_LONG|06_0830|UP,PULLBACK_LONG,LONG,117,0.9066666666666667,-0.06282051282051282,53,0.5811965811965814,-17.150000000000002,64,1.2592592592592597,9.799999999999995,P090_R175,0.9,1.75,0.5811965811965814,1.4592094017094017
EXHAUST_SHORT|06_0830|SU,EXHAUST_SHORT,SHORT,453,0.6800334168755218,-0.25364238410596024,199,0.6478696741854637,-56.2,254,0.7057644110275687,-58.7,P105_R225,1.05,2.25,0.6478696741854637,1.4590948397483774
SWEEP_LONG|02_06|SU,SWEEP_LONG,LONG,181,0.6607142857142858,-0.28342541436464086,73,0.6650246305418721,-20.4,108,0.6578073089700999,-30.900000000000002,P075_R275,0.75,2.75,0.6578073089700999,1.4586084139424755
EXHAUST_LONG|06_0830|DN,EXHAUST_LONG,LONG,50,0.9107142857142856,-0.060000000000000046,21,1.214285714285714,2.7,29,0.7285714285714284,-5.700000000000001,P075_R175,0.75,1.75,0.7285714285714284,1.4575714285714283
VWAP_LONG|06_0830|SU,VWAP_LONG,LONG,30,1.2857142857142856,0.2000000000000001,15,1.714285714285714,6.750000000000001,15,0.9350649350649349,-0.7499999999999998,P075_R275,0.75,2.75,0.9350649350649349,1.455064935064935
SWEEP_LONG|06_0830|DN,SWEEP_LONG,LONG,87,0.7285714285714289,-0.1965517241379311,36,0.6227106227106226,-10.300000000000004,51,0.8095238095238095,-6.799999999999999,P090_R175,0.9,1.75,0.6227106227106226,1.4539175192623466
EXHAUST_LONG|02_06|SD,EXHAUST_LONG,LONG,604,0.6604506604506599,-0.25322847682119204,322,0.6775749947556108,-76.85,282,0.641206977840641,-76.10000000000001,P090_R175,0.9,1.75,0.641206977840641,1.4525770109532237
VWAP_LONG|0830_11|SU,VWAP_LONG,LONG,46,0.8253968253968254,-0.13152173913043472,28,0.838095238095238,-3.3999999999999995,18,0.8058608058608057,-2.6499999999999995,P075_R225,0.75,2.25,0.8058608058608057,1.4498281971651534
SWEEP_SHORT|02_06|DN,SWEEP_SHORT,SHORT,72,0.8058608058608063,-0.1472222222222222,36,1.0476190476190474,1.2000000000000022,36,0.5986394557823128,-11.8,P075_R225,0.75,2.25,0.5986394557823128,1.447111678004535
VWAP_SHORT|06_0830|FLAT,VWAP_SHORT,SHORT,35,1.0931677018633537,0.06428571428571436,15,1.3968253968253965,3.7500000000000018,20,0.897959183673469,-1.4999999999999993,P075_R225,0.75,2.25,0.897959183673469,1.4454591836734692
SWEEP_SHORT|06_0830|FLAT,SWEEP_SHORT,SHORT,76,0.6984126984126987,-0.23749999999999996,39,0.6285714285714284,-11.700000000000001,37,0.7760141093474425,-6.349999999999999,P105_R225,1.05,2.25,0.6285714285714284,1.4454464285714284
VWAP_SHORT|02_06|DN,VWAP_SHORT,SHORT,98,0.6593406593406596,-0.2846938775510204,58,0.6708074534161492,-15.899999999999997,40,0.6428571428571429,-12.0,P090_R275,0.9,2.75,0.6428571428571429,1.4432142857142858
VWAP_SHORT|02_06|DN,VWAP_SHORT,SHORT,98,0.7142857142857145,-0.20816326530612247,58,0.7887667887667891,-8.65,40,0.6141215106732346,-11.75,P075_R175,0.75,1.75,0.6141215106732346,1.4412643678160917
EXHAUST_SHORT|0830_11|SU,EXHAUST_SHORT,SHORT,444,0.7073509015256587,-0.2138513513513513,225,0.6158340636868244,-65.75,219,0.8095238095238093,-29.199999999999996,P090_R175,0.9,1.75,0.6158340636868244,1.4409860907138512
EXHAUST_LONG|02_06|DN,EXHAUST_LONG,LONG,70,0.7619047619047622,-0.19285714285714287,41,0.6233766233766235,-13.05,29,0.9795918367346937,-0.45000000000000084,P075_R275,0.75,2.75,0.6233766233766235,1.4408766233766235
EXHAUST_SHORT|06_0830|UP,EXHAUST_SHORT,SHORT,48,0.8095238095238094,-0.1333333333333334,28,0.7669172932330826,-4.650000000000002,20,0.8717948717948715,-1.7500000000000009,P105_R175,1.05,1.75,0.7669172932330826,1.440250626566416
VWAP_LONG|06_0830|UP,VWAP_LONG,LONG,82,0.7213114754098365,-0.21768292682926826,44,0.6162464985994398,-13.700000000000003,38,0.8536155202821868,-4.149999999999998,P090_R225,0.9,2.25,0.6162464985994398,1.4400574742091958
PULLBACK_LONG|06_0830|SU,PULLBACK_LONG,LONG,515,0.6585365853658535,-0.2854368932038835,262,0.6832298136645958,-68.85,253,0.6333567909922587,-78.15,P090_R275,0.9,2.75,0.6333567909922587,1.4334538783708994
VWAP_SHORT|0830_11|DN,VWAP_SHORT,SHORT,84,0.6984126984126989,-0.2375,44,0.6162464985994398,-13.700000000000001,40,0.7947454844006566,-6.249999999999999,P075_R225,0.75,2.25,0.6162464985994398,1.4331214985994398
SWEEP_LONG|06_0830|DN,SWEEP_LONG,LONG,87,0.6528417818740402,-0.2597701149425288,36,0.6227106227106226,-10.300000000000004,51,0.6746031746031746,-12.3,P075_R175,0.75,1.75,0.6227106227106226,1.4317910824807374
SWEEP_LONG|02_06|SU,SWEEP_LONG,LONG,181,0.652639350313769,-0.2599447513812155,73,0.6984126984126986,-16.150000000000002,108,0.6227106227106229,-30.900000000000006,P105_R175,1.05,1.75,0.6227106227106229,1.4317299597271975
EXHAUST_LONG|02_06|DN,EXHAUST_LONG,LONG,70,0.7922998986828779,-0.1464285714285715,41,0.5936507936507935,-12.800000000000004,29,1.1428571428571428,2.549999999999998,P090_R175,0.9,1.75,0.5936507936507935,1.4274007936507935
PULLBACK_LONG|06_0830|SU,PULLBACK_LONG,LONG,515,0.6574344023323611,-0.2737864077669903,262,0.6913222141648535,-63.85,253,0.623199023199023,-77.14999999999998,P105_R225,1.05,2.25,0.623199023199023,1.4273737804805764
VWAP_LONG|06_0830|UP,VWAP_LONG,LONG,82,0.6758832565284183,-0.25731707317073166,44,0.6162464985994398,-13.700000000000003,38,0.748299319727891,-7.3999999999999995,P105_R225,1.05,2.25,0.6162464985994398,1.4261855229896836
SWEEP_SHORT|06_0830|FLAT,SWEEP_SHORT,SHORT,76,0.7409200968523004,-0.2111842105263158,39,0.8866995073891624,-3.4499999999999993,37,0.5999999999999999,-12.600000000000005,P075_R275,0.75,2.75,0.5999999999999999,1.4260855263157892
VWAP_SHORT|02_06|DN,VWAP_SHORT,SHORT,98,0.6476190476190479,-0.2642857142857143,58,0.6713124274099884,-14.150000000000002,40,0.6141215106732346,-11.75,P105_R175,1.05,1.75,0.6141215106732346,1.4216215106732344
SWEEP_SHORT|06_0830|SU,SWEEP_SHORT,SHORT,308,0.7228113953004777,-0.2163961038961038,141,0.8888888888888888,-11.54999999999999,167,0.5963369963369964,-55.1,P090_R225,0.9,2.25,0.5963369963369964,1.42059835997336
VWAP_SHORT|02_06|DN,VWAP_SHORT,SHORT,98,0.6795366795366796,-0.25408163265306116,58,0.7308970099667775,-12.149999999999997,40,0.608294930875576,-12.75,P090_R225,0.9,2.25,0.608294930875576,1.4193663594470045
EXHAUST_LONG|06_0830|DN,EXHAUST_LONG,LONG,50,0.761904761904762,-0.17000000000000004,21,0.8095238095238092,-2.8000000000000007,29,0.7285714285714284,-5.700000000000001,P105_R175,1.05,1.75,0.7285714285714284,1.4190714285714283
PULLBACK_SHORT|02_06|SD,PULLBACK_SHORT,SHORT,796,0.6419381787802838,-0.26922110552763817,421,0.6682646212847552,-103.8,375,0.6130952380952376,-110.49999999999997,P090_R175,0.9,1.75,0.6130952380952376,1.4188678511605641
EXHAUST_LONG|0830_11|SD,EXHAUST_LONG,LONG,423,0.6337719298245609,-0.2763593380614657,208,0.6563706563706564,-53.39999999999999,215,0.6123321123321123,-63.5,P090_R175,0.9,1.75,0.6123321123321123,1.415606344010599
PULLBACK_SHORT|06_0830|SD,PULLBACK_SHORT,SHORT,458,0.6387193053859718,-0.2907205240174672,229,0.6155501748722088,-71.44999999999999,229,0.662287903667214,-61.69999999999999,P105_R225,1.05,2.25,0.6155501748722088,1.4137979914660952
EXHAUST_LONG|02_06|SD,EXHAUST_LONG,LONG,604,0.6243386243386241,-0.31738410596026484,322,0.625482625482625,-101.85,282,0.6230333543108868,-89.85,P075_R275,0.75,2.75,0.6230333543108868,1.411948917224794
SWEEP_SHORT|06_0830|FLAT,SWEEP_SHORT,SHORT,76,0.6857142857142859,-0.2605263157894737,39,0.7714285714285712,-7.199999999999999,37,0.5999999999999999,-12.600000000000005,P090_R275,0.9,2.75,0.5999999999999999,1.408815789473684
VWAP_SHORT|02_06|DN,VWAP_SHORT,SHORT,98,0.6425396825396829,-0.2872448979591836,58,0.6666666666666667,-15.399999999999999,40,0.608294930875576,-12.75,P105_R225,1.05,2.25,0.608294930875576,1.4077592165898616
EXHAUST_LONG|0830_11|SD,EXHAUST_LONG,LONG,423,0.657202011239278,-0.27399527186761224,208,0.716436251920123,-46.149999999999984,215,0.6022241231822069,-69.74999999999999,P075_R225,0.75,2.25,0.6022241231822069,1.4063257780285425
PULLBACK_LONG|0830_11|UP,PULLBACK_LONG,LONG,139,0.6522911051212937,-0.27841726618705026,63,0.7132725430597775,-14.150000000000002,76,0.6037126715092819,-24.549999999999997,P075_R225,0.75,2.25,0.6037126715092819,1.4062666283438143
SWEEP_SHORT|02_06|FLAT,SWEEP_SHORT,SHORT,87,0.7285714285714289,-0.1965517241379311,42,0.5745007680491551,-13.850000000000001,45,0.8932676518883413,-3.2500000000000018,P075_R175,0.75,1.75,0.5745007680491551,1.405707664600879
SWEEP_LONG|02_06|FLAT,SWEEP_LONG,LONG,83,0.665154950869237,-0.26686746987951804,45,0.598639455782313,-14.750000000000004,38,0.748299319727891,-7.400000000000002,P075_R225,0.75,2.25,0.598639455782313,1.4052358413244816
VWAP_SHORT|02_06|SD,VWAP_SHORT,SHORT,164,0.7755102040816323,-0.18109756097560978,92,0.959488272921109,-2.849999999999997,72,0.566585956416465,-26.85,P075_R275,0.75,2.75,0.566585956416465,1.4032018100750014
SWEEP_LONG|06_0830|UP,SWEEP_LONG,LONG,89,0.6519114688128775,-0.29157303370786514,42,0.6050420168067228,-14.100000000000001,47,0.6949806949806953,-11.850000000000005,P075_R275,0.75,2.75,0.6050420168067228,1.40299145500897
SWEEP_LONG|06_0830|UP,SWEEP_LONG,LONG,89,0.6519114688128775,-0.29157303370786514,42,0.6050420168067228,-14.100000000000001,47,0.6949806949806953,-11.850000000000005,P090_R275,0.9,2.75,0.6050420168067228,1.40299145500897
SWEEP_LONG|02_06|DN,SWEEP_LONG,LONG,90,0.761904761904762,-0.18333333333333326,47,0.5662805662805664,-16.850000000000005,43,1.0114942528735629,0.350000000000001,P075_R225,0.75,2.25,0.5662805662805664,1.4021138996138998
SWEEP_LONG|06_0830|UP,SWEEP_LONG,LONG,89,0.7050691244239634,-0.2157303370786517,42,0.5745007680491551,-13.850000000000001,47,0.835637480798771,-5.350000000000001,P090_R175,0.9,1.75,0.5745007680491551,1.398995150071627
SWEEP_LONG|06_0830|UP,SWEEP_LONG,LONG,89,0.7050691244239634,-0.2157303370786517,42,0.5745007680491551,-13.850000000000001,47,0.835637480798771,-5.3500000000000005,P105_R175,1.05,1.75,0.5745007680491551,1.398995150071627
SWEEP_SHORT|02_06|SD,SWEEP_SHORT,SHORT,158,0.7942497753818507,-0.14493670886075954,79,1.102330293819656,5.049999999999999,79,0.5488297013720743,-27.95000000000001,P075_R175,0.75,1.75,0.5488297013720743,1.3981018532708083
PULLBACK_LONG|0830_11|UP,PULLBACK_LONG,LONG,139,0.6091466289486092,-0.29820143884892086,63,0.5983436853002072,-19.400000000000002,76,0.6181818181818185,-22.049999999999997,P090_R175,0.9,1.75,0.5983436853002072,1.393973181703085
PULLBACK_LONG|0830_11|SU,PULLBACK_LONG,LONG,456,0.6526007326007326,-0.25997807017543856,189,0.5823912298732443,-60.949999999999996,267,0.7050691244239627,-57.599999999999994,P075_R175,0.75,1.75,0.5823912298732443,1.3913989053118407
PULLBACK_LONG|11_1330|SU,PULLBACK_LONG,LONG,512,0.6335403726708072,-0.2765625,248,0.5871271585557298,-78.9,264,0.6789554531490012,-62.7,P075_R175,0.75,1.75,0.5871271585557298,1.3903302835557296
VWAP_SHORT|02_06|FLAT,VWAP_SHORT,SHORT,28,1.164021164021164,0.11071428571428575,13,0.9312169312169312,-0.6499999999999997,15,1.3968253968253965,3.7500000000000027,P075_R225,0.75,2.25,0.9312169312169312,1.3899669312169312
SWEEP_LONG|02_06|SU,SWEEP_LONG,LONG,181,0.6136054421768707,-0.3138121546961326,73,0.6360544217687076,-21.399999999999995,108,0.5986394557823129,-35.39999999999999,P090_R225,0.9,2.25,0.5986394557823129,1.3888052016386665
SWEEP_LONG|06_0830|SU,SWEEP_LONG,LONG,115,0.6082949308755762,-0.33260869565217377,52,0.6122448979591838,-17.1,63,0.6050420168067228,-21.150000000000002,P090_R275,0.9,2.75,0.6050420168067228,1.3886289733284618
SWEEP_LONG|06_0830|SU,SWEEP_LONG,LONG,115,0.6120920278223649,-0.3152173913043477,52,0.6285714285714286,-15.600000000000001,63,0.5986394557823129,-20.650000000000002,P105_R225,1.05,2.25,0.5986394557823129,1.3883133688257911
PULLBACK_SHORT|06_0830|DN,PULLBACK_SHORT,SHORT,129,0.7202380952380951,-0.21860465116279063,63,0.9047619047619052,-4.399999999999997,66,0.5641025641025642,-23.799999999999997,P075_R225,0.75,2.25,0.5641025641025642,1.3875909361955874
SWEEP_LONG|02_06|SD,SWEEP_LONG,LONG,369,0.6126558005752633,-0.32845528455284556,195,0.6021699819168175,-65.99999999999999,174,0.6244897959183674,-55.199999999999996,P075_R275,0.75,2.75,0.6021699819168175,1.3872106323233213
SWEEP_SHORT|06_0830|DN,SWEEP_SHORT,SHORT,69,0.7961904761904766,-0.15507246376811593,28,0.5714285714285713,-9.900000000000002,41,0.9727891156462583,-0.799999999999998,P090_R225,0.9,2.25,0.5714285714285713,1.3871532091097307
VWAP_LONG|02_06|SU,VWAP_LONG,LONG,153,0.6329004329004329,-0.27712418300653596,70,0.6938775510204083,-15.750000000000004,83,0.5839188134270104,-26.650000000000002,P090_R175,0.9,1.75,0.5839188134270104,1.3869253493747227
EXHAUST_SHORT|11_1330|SU,EXHAUST_SHORT,SHORT,442,0.6172619047619045,-0.29095022624434397,225,0.5887445887445888,-71.25,217,0.6476190476190476,-57.35,P075_R175,0.75,1.75,0.5887445887445888,1.3869120095590683
EXHAUST_LONG|02_06|DN,EXHAUST_LONG,LONG,70,0.6476190476190478,-0.2642857142857144,41,0.5936507936507935,-12.800000000000004,29,0.7285714285714284,-5.700000000000002,P105_R175,1.05,1.75,0.5936507936507935,1.3861507936507935
EXHAUST_SHORT|1330_1515|SU,EXHAUST_SHORT,SHORT,286,0.6619751348815385,-0.25192307692307697,133,0.7735449735449735,-21.40000000000001,153,0.5731142014327854,-50.64999999999999,P075_R175,0.75,1.75,0.5731142014327854,1.3849411245097083
EXHAUST_LONG|02_06|DN,EXHAUST_LONG,LONG,70,0.6720575022461818,-0.26071428571428573,41,0.5892857142857143,-13.8,29,0.7981859410430838,-4.45,P090_R225,0.9,2.25,0.5892857142857143,1.3830357142857144
SWEEP_LONG|02_06|SD,SWEEP_LONG,LONG,369,0.6269244539921226,-0.28238482384823843,195,0.6687370600414078,-48.0,174,0.581845238095238,-56.2,P090_R175,0.9,1.75,0.581845238095238,1.3830105497483545
EXHAUST_SHORT|06_0830|UP,EXHAUST_SHORT,SHORT,48,0.8627450980392157,-0.10208333333333326,28,0.6984126984126983,-6.6499999999999995,20,1.1282051282051277,1.7500000000000007,P090_R225,0.9,2.25,0.6984126984126983,1.3826835317460318
EXHAUST_SHORT|06_0830|UP,EXHAUST_SHORT,SHORT,48,0.8627450980392157,-0.10208333333333329,28,0.6984126984126983,-6.65,20,1.1282051282051277,1.7500000000000007,P075_R225,0.75,2.25,0.6984126984126983,1.3826835317460315
PULLBACK_LONG|02_06|UP,PULLBACK_LONG,LONG,144,0.7644787644787645,-0.19062499999999993,70,1.028571428571429,1.500000000000006,74,0.548009367681499,-28.95,P090_R275,0.9,2.75,0.548009367681499,1.381290617681499
SWEEP_LONG|0830_11|SD,SWEEP_LONG,LONG,239,0.5970302099334357,-0.3292887029288702,117,0.5986394557823129,-38.34999999999998,122,0.5954887218045114,-40.349999999999994,P075_R225,0.75,2.25,0.5954887218045114,1.3802376757794068
SWEEP_SHORT|02_06|UP,SWEEP_SHORT,SHORT,104,0.6984126984126986,-0.23749999999999993,52,0.562137049941928,-18.85,52,0.8494208494208497,-5.849999999999996,P105_R225,1.05,2.25,0.562137049941928,1.3790120499419278
PULLBACK_LONG|02_06|SU,PULLBACK_LONG,LONG,793,0.6398200224971876,-0.3028373266078185,395,0.5829636202307008,-141.0,398,0.6983112733911453,-99.14999999999998,P075_R275,0.75,2.75,0.5829636202307008,1.3769705559179641
SWEEP_SHORT|06_0830|SD,SWEEP_SHORT,SHORT,102,0.6431833007175474,-0.2681372549019608,52,0.7195767195767198,-10.600000000000001,50,0.568854568854569,-16.75,P105_R175,1.05,1.75,0.568854568854569,1.3750065296388825
SWEEP_SHORT|06_0830|SD,SWEEP_SHORT,SHORT,102,0.6431833007175474,-0.26813725490196083,52,0.7195767195767198,-10.600000000000001,50,0.568854568854569,-16.75,P090_R175,0.9,1.75,0.568854568854569,1.3750065296388825
SWEEP_LONG|06_0830|FLAT,SWEEP_LONG,LONG,94,0.7591442374051072,-0.18563829787234037,44,0.5387755102040818,-16.950000000000003,50,0.9859943977591038,-0.49999999999999645,P090_R225,0.9,2.25,0.5387755102040818,1.3738021059487626
EXHAUST_LONG|02_06|SD,EXHAUST_LONG,LONG,604,0.5984234963826797,-0.307864238410596,322,0.5806710870002003,-104.35,282,0.6190476190476187,-81.60000000000002,P105_R175,1.05,1.75,0.5806710870002003,1.3729186035564918
SWEEP_SHORT|1330_1515|FLAT,SWEEP_SHORT,SHORT,32,0.9714285714285712,-0.018750000000000044,18,1.03030303030303,0.3499999999999992,14,0.8994708994708994,-0.9500000000000006,P075_R175,0.75,1.75,0.8994708994708994,1.3729083994708993
EXHAUST_SHORT|0830_11|SU,EXHAUST_SHORT,SHORT,444,0.6065162907268167,-0.300563063063063,225,0.5754446356855994,-74.0,219,0.6393691234455565,-59.449999999999996,P105_R175,1.05,1.75,0.5754446356855994,1.3702475636135274
SWEEP_SHORT|06_0830|SU,SWEEP_SHORT,SHORT,308,0.6092943201376934,-0.33165584415584415,141,0.6371681415929203,-43.05,167,0.5861344537815127,-59.10000000000001,P105_R275,1.05,2.75,0.5861344537815127,1.370054908326967
